Time_Point,Voltage
0,3.608713e-23
1,2.7852445e-23
2,2.0182459e-23
3,1.4571103e-23
4,1.07382216e-23
5,8.129438e-24
6,6.3191446e-24
7,5.030053e-24
8,4.0877636e-24
9,3.3820147e-24
10,2.8417407e-24
11,2.4200328e-24
12,2.0851688e-24
13,1.8151914e-24
14,1.5945719e-24
15,1.4121063e-24
16,1.2595655e-24
17,1.1308038e-24
18,1.0211624e-24
19,9.270621e-25
20,8.457178e-25
21,7.749372e-25
22,7.1297756e-25
23,6.5843873e-25
24,6.101869e-25
25,5.672957e-25
26,5.2900253e-25
27,4.9467535e-25
28,4.6378666e-25
29,4.3589357e-25
30,4.1062207e-25
31,3.8765448e-25
32,3.6671984e-25
33,3.475856e-25
34,3.3005169e-25
35,3.1394482e-25
36,2.991145e-25
37,2.8542965e-25
38,2.7277545e-25
39,2.6105113e-25
40,2.5016793e-25
41,2.4004734e-25
42,2.306199e-25
43,2.2182382e-25
44,2.1360398e-25
45,2.0591122e-25
46,1.9870146e-25
47,1.9193515e-25
48,1.8557666e-25
49,1.7959395e-25
50,1.7395793e-25
51,1.6864241e-25
52,1.636235e-25
53,1.5887962e-25
54,1.54391e-25
55,1.5013968e-25
56,1.4610922e-25
57,1.4228456e-25
58,1.3865199e-25
59,1.3519882e-25
60,1.3191344e-25
61,1.2878515e-25
62,1.258041e-25
63,1.229612e-25
64,1.2024804e-25
65,1.1765683e-25
66,1.1518037e-25
67,1.1281199e-25
68,1.1054548e-25
69,1.083751e-25
70,1.0629547e-25
71,1.0430159e-25
72,1.0238881e-25
73,1.00552796e-25
74,9.878948e-26
75,9.7095096e-26
76,9.546606e-26
77,9.389906e-26
78,9.2390995e-26
79,9.0938936e-26
80,8.954014e-26
81,8.819202e-26
82,8.689216e-26
83,8.5638284e-26
84,8.442823e-26
85,8.3260004e-26
86,8.2131674e-26
87,8.104143e-26
88,7.998759e-26
89,7.896855e-26
90,7.798279e-26
91,7.7028853e-26
92,7.610539e-26
93,7.521112e-26
94,7.434483e-26
95,7.350533e-26
96,7.269155e-26
97,7.1902434e-26
98,7.113699e-26
99,7.039428e-26
100,6.9673415e-26
101,6.8973536e-26
102,6.829382e-26
103,6.763352e-26
104,6.699188e-26
105,6.636821e-26
106,6.5761836e-26
107,6.517214e-26
108,6.4598476e-26
109,6.4040295e-26
110,6.349703e-26
111,6.2968153e-26
112,6.245315e-26
113,6.1951546e-26
114,6.1462865e-26
115,6.0986664e-26
116,6.0522536e-26
117,6.0070063e-26
118,5.9628843e-26
119,5.9198514e-26
120,5.8778716e-26
121,5.836911e-26
122,5.796935e-26
123,5.7579136e-26
124,5.719815e-26
125,5.6826107e-26
126,5.646272e-26
127,5.610773e-26
128,5.5760873e-26
129,5.54219e-26
130,5.509056e-26
131,5.476663e-26
132,5.44499e-26
133,5.414013e-26
134,5.383713e-26
135,5.3540705e-26
136,5.325065e-26
137,5.2966796e-26
138,5.2688944e-26
139,5.241695e-26
140,5.215062e-26
141,5.188981e-26
142,5.163437e-26
143,5.1384134e-26
144,5.1138974e-26
145,5.0898745e-26
146,5.0663313e-26
147,5.0432546e-26
148,5.0206328e-26
149,4.998453e-26
150,4.9767028e-26
151,4.955372e-26
152,4.9344498e-26
153,4.9139246e-26
154,4.8937864e-26
155,4.8740255e-26
156,4.8546324e-26
157,4.8355975e-26
158,4.816912e-26
159,4.798567e-26
160,4.7805544e-26
161,4.762865e-26
162,4.7454917e-26
163,4.7284267e-26
164,4.7116622e-26
165,4.6951913e-26
166,4.679006e-26
167,4.6631007e-26
168,4.6474686e-26
169,4.6321025e-26
170,4.6169964e-26
171,4.6021446e-26
172,4.5875408e-26
173,4.5731798e-26
174,4.559055e-26
175,4.545162e-26
176,4.5314953e-26
177,4.5180495e-26
178,4.5048198e-26
179,4.4918017e-26
180,4.47899e-26
181,4.4663804e-26
182,4.453968e-26
183,4.441749e-26
184,4.4297193e-26
185,4.4178744e-26
186,4.4062106e-26
187,4.394723e-26
188,4.3834098e-26
189,4.3722662e-26
190,4.3612878e-26
191,4.3504727e-26
192,4.3398166e-26
193,4.329316e-26
194,4.3189685e-26
195,4.3087703e-26
196,4.2987182e-26
197,4.2888096e-26
198,4.2790413e-26
199,4.269411e-26
200,4.2599158e-26
201,4.2505527e-26
202,4.2413187e-26
203,4.2322123e-26
204,4.2232297e-26
205,4.2143695e-26
206,4.205629e-26
207,4.197006e-26
208,4.188497e-26
209,4.1801018e-26
210,4.171817e-26
211,4.1636408e-26
212,4.155571e-26
213,4.147605e-26
214,4.1397424e-26
215,4.13198e-26
216,4.1243158e-26
217,4.116749e-26
218,4.1092772e-26
219,4.1018986e-26
220,4.0946112e-26
221,4.0874138e-26
222,4.0803048e-26
223,4.073282e-26
224,4.066345e-26
225,4.059491e-26
226,4.0527187e-26
227,4.0460275e-26
228,4.0394153e-26
229,4.0328807e-26
230,4.0264222e-26
231,4.020039e-26
232,4.0137292e-26
233,4.0074914e-26
234,4.001326e-26
235,3.9952295e-26
236,3.989202e-26
237,3.9832416e-26
238,3.977348e-26
239,3.9715193e-26
240,3.9657548e-26
241,3.9600534e-26
242,3.9544133e-26
243,3.9488352e-26
244,3.9433166e-26
245,3.9378565e-26
246,3.932454e-26
247,3.9271095e-26
248,3.9218198e-26
249,3.9165862e-26
250,3.9114063e-26
251,3.9062796e-26
252,3.9012056e-26
253,3.8961828e-26
254,3.891211e-26
255,3.886289e-26
256,3.8814163e-26
257,3.8765913e-26
258,3.8718144e-26
259,3.8670843e-26
260,3.8624004e-26
261,3.8577612e-26
262,3.853167e-26
263,3.8486166e-26
264,3.8441093e-26
265,3.8396446e-26
266,3.8352223e-26
267,3.8308404e-26
268,3.8264996e-26
269,3.8221987e-26
270,3.817937e-26
271,3.813714e-26
272,3.8095295e-26
273,3.8053818e-26
274,3.801272e-26
275,3.797198e-26
276,3.7931603e-26
277,3.7891578e-26
278,3.7851907e-26
279,3.7812568e-26
280,3.7773572e-26
281,3.7734912e-26
282,3.769658e-26
283,3.7658568e-26
284,3.7620875e-26
285,3.7583494e-26
286,3.7546426e-26
287,3.7509658e-26
288,3.7473192e-26
289,3.743702e-26
290,3.7401144e-26
291,3.7365555e-26
292,3.7330242e-26
293,3.7295217e-26
294,3.726046e-26
295,3.722598e-26
296,3.7191763e-26
297,3.715781e-26
298,3.712412e-26
299,3.709068e-26
300,3.7057496e-26
301,3.702456e-26
302,3.699187e-26
303,3.6959425e-26
304,3.6927214e-26
305,3.689524e-26
306,3.68635e-26
307,3.6831987e-26
308,3.68007e-26
309,3.6769633e-26
310,3.6738787e-26
311,3.6708157e-26
312,3.6677743e-26
313,3.6647535e-26
314,3.6617537e-26
315,3.6587745e-26
316,3.655815e-26
317,3.6528762e-26
318,3.6499565e-26
319,3.6470568e-26
320,3.6441756e-26
321,3.6413135e-26
322,3.63847e-26
323,3.6356454e-26
324,3.6328382e-26
325,3.6300488e-26
326,3.6272777e-26
327,3.6245237e-26
328,3.621787e-26
329,3.619067e-26
330,3.6163643e-26
331,3.6136775e-26
332,3.6110074e-26
333,3.6083533e-26
334,3.6057156e-26
335,3.603093e-26
336,3.6004857e-26
337,3.5978938e-26
338,3.5953174e-26
339,3.5927554e-26
340,3.5902083e-26
341,3.587676e-26
342,3.585157e-26
343,3.582653e-26
344,3.580163e-26
345,3.5776867e-26
346,3.5752236e-26
347,3.5727745e-26
348,3.5703382e-26
349,3.567915e-26
350,3.5655052e-26
351,3.5631075e-26
352,3.5607225e-26
353,3.55835e-26
354,3.5559902e-26
355,3.553642e-26
356,3.551306e-26
357,3.5489823e-26
358,3.54667e-26
359,3.544369e-26
360,3.5420798e-26
361,3.5398013e-26
362,3.537534e-26
363,3.535278e-26
364,3.5330325e-26
365,3.5307978e-26
366,3.5285742e-26
367,3.5263605e-26
368,3.5241572e-26
369,3.5219644e-26
370,3.519781e-26
371,3.5176078e-26
372,3.515445e-26
373,3.5132916e-26
374,3.5111478e-26
375,3.509013e-26
376,3.506888e-26
377,3.5047722e-26
378,3.502665e-26
379,3.5005678e-26
380,3.4984792e-26
381,3.4963992e-26
382,3.4943275e-26
383,3.492265e-26
384,3.490211e-26
385,3.488165e-26
386,3.4861276e-26
387,3.4840985e-26
388,3.4820773e-26
389,3.480064e-26
390,3.4780588e-26
391,3.4760613e-26
392,3.4740716e-26
393,3.4720896e-26
394,3.470115e-26
395,3.4681475e-26
396,3.466188e-26
397,3.4642358e-26
398,3.4622905e-26
399,3.4603522e-26
400,3.4584204e-26
401,3.4564967e-26
402,3.454579e-26
403,3.4526688e-26
404,3.4507648e-26
405,3.4488678e-26
406,3.446977e-26
407,3.4450927e-26
408,3.4432148e-26
409,3.4413435e-26
410,3.4394782e-26
411,3.4376192e-26
412,3.4357663e-26
413,3.4339192e-26
414,3.432078e-26
415,3.4302427e-26
416,3.4284135e-26
417,3.4265902e-26
418,3.4247724e-26
419,3.4229602e-26
420,3.4211535e-26
421,3.4193524e-26
422,3.4175568e-26
423,3.4157662e-26
424,3.4139814e-26
425,3.4122015e-26
426,3.4104272e-26
427,3.408658e-26
428,3.406894e-26
429,3.4051344e-26
430,3.4033798e-26
431,3.4016305e-26
432,3.399886e-26
433,3.3981462e-26
434,3.396411e-26
435,3.3946808e-26
436,3.3929552e-26
437,3.3912338e-26
438,3.3895174e-26
439,3.387805e-26
440,3.3860976e-26
441,3.3843942e-26
442,3.382695e-26
443,3.3810008e-26
444,3.3793103e-26
445,3.377624e-26
446,3.3759416e-26
447,3.3742635e-26
448,3.37259e-26
449,3.3709197e-26
450,3.3692536e-26
451,3.3675917e-26
452,3.3659333e-26
453,3.364279e-26
454,3.3626284e-26
455,3.3609816e-26
456,3.3593383e-26
457,3.3576986e-26
458,3.356063e-26
459,3.3544307e-26
460,3.3528018e-26
461,3.3511767e-26
462,3.349555e-26
463,3.3479365e-26
464,3.3463215e-26
465,3.3447098e-26
466,3.3431013e-26
467,3.3414962e-26
468,3.3398944e-26
469,3.3382957e-26
470,3.3367e-26
471,3.3351076e-26
472,3.3335185e-26
473,3.3319328e-26
474,3.3303492e-26
475,3.3287693e-26
476,3.3271922e-26
477,3.3256176e-26
478,3.3240463e-26
479,3.3224778e-26
480,3.320912e-26
481,3.3193492e-26
482,3.3177893e-26
483,3.3162317e-26
484,3.3146774e-26
485,3.3131255e-26
486,3.311576e-26
487,3.3100295e-26
488,3.3084854e-26
489,3.3069437e-26
490,3.3054052e-26
491,3.3038684e-26
492,3.302335e-26
493,3.3008036e-26
494,3.299274e-26
495,3.2977477e-26
496,3.2962232e-26
497,3.2947013e-26
498,3.2931818e-26
499,3.2916645e-26
500,3.2901493e-26
501,3.2886366e-26
502,3.287126e-26
503,3.2856177e-26
504,3.2841115e-26
505,3.2826074e-26
506,3.2811055e-26
507,3.2796057e-26
508,3.278108e-26
509,3.2766127e-26
510,3.2751188e-26
511,3.2736273e-26
512,3.272138e-26
513,3.2706503e-26
514,3.2691647e-26
515,3.2676807e-26
516,3.2661988e-26
517,3.2647187e-26
518,3.2632412e-26
519,3.261765e-26
520,3.2602906e-26
521,3.258818e-26
522,3.2573472e-26
523,3.2558786e-26
524,3.254411e-26
525,3.2529456e-26
526,3.251482e-26
527,3.2500197e-26
528,3.2485594e-26
529,3.2471006e-26
530,3.2456437e-26
531,3.2441883e-26
532,3.2427342e-26
533,3.2412822e-26
534,3.2398314e-26
535,3.238382e-26
536,3.2369345e-26
537,3.2354884e-26
538,3.2340437e-26
539,3.2326007e-26
540,3.2311592e-26
541,3.229719e-26
542,3.22828e-26
543,3.226843e-26
544,3.225407e-26
545,3.2239725e-26
546,3.2225393e-26
547,3.2211077e-26
548,3.2196772e-26
549,3.2182484e-26
550,3.21682e-26
551,3.215394e-26
552,3.213969e-26
553,3.2125448e-26
554,3.2111224e-26
555,3.209701e-26
556,3.208281e-26
557,3.206862e-26
558,3.2054445e-26
559,3.2040276e-26
560,3.2026126e-26
561,3.2011985e-26
562,3.1997856e-26
563,3.1983737e-26
564,3.1969633e-26
565,3.1955538e-26
566,3.1941453e-26
567,3.192738e-26
568,3.191332e-26
569,3.1899267e-26
570,3.1885225e-26
571,3.1871198e-26
572,3.1857177e-26
573,3.184317e-26
574,3.182917e-26
575,3.181518e-26
576,3.1801202e-26
577,3.178723e-26
578,3.177327e-26
579,3.175932e-26
580,3.1745384e-26
581,3.1731452e-26
582,3.1717533e-26
583,3.1703617e-26
584,3.1689717e-26
585,3.1675822e-26
586,3.166194e-26
587,3.1648064e-26
588,3.1634197e-26
589,3.1620337e-26
590,3.160649e-26
591,3.1592647e-26
592,3.1578817e-26
593,3.1564987e-26
594,3.1551176e-26
595,3.1537365e-26
596,3.1523566e-26
597,3.1509776e-26
598,3.1495993e-26
599,3.1482215e-26
600,3.1468444e-26
601,3.1454688e-26
602,3.1440933e-26
603,3.1427186e-26
604,3.1413452e-26
605,3.1399715e-26
606,3.1386e-26
607,3.137228e-26
608,3.135857e-26
609,3.1344867e-26
610,3.1331176e-26
611,3.1317485e-26
612,3.1303803e-26
613,3.129013e-26
614,3.127646e-26
615,3.12628e-26
616,3.1249147e-26
617,3.12355e-26
618,3.1221857e-26
619,3.1208222e-26
620,3.1194592e-26
621,3.1180972e-26
622,3.1167355e-26
623,3.115374e-26
624,3.114014e-26
625,3.112654e-26
626,3.1112948e-26
627,3.1099362e-26
628,3.1085785e-26
629,3.1072208e-26
630,3.1058637e-26
631,3.1045072e-26
632,3.1031514e-26
633,3.101796e-26
634,3.1004415e-26
635,3.0990875e-26
636,3.0977335e-26
637,3.0963804e-26
638,3.0950277e-26
639,3.0936755e-26
640,3.0923243e-26
641,3.0909733e-26
642,3.0896224e-26
643,3.0882724e-26
644,3.086923e-26
645,3.085574e-26
646,3.0842252e-26
647,3.0828774e-26
648,3.0815295e-26
649,3.0801826e-26
650,3.0788357e-26
651,3.0774897e-26
652,3.0761437e-26
653,3.0747986e-26
654,3.073454e-26
655,3.0721094e-26
656,3.0707656e-26
657,3.0694217e-26
658,3.0680788e-26
659,3.066736e-26
660,3.0653936e-26
661,3.0640516e-26
662,3.0627102e-26
663,3.0613695e-26
664,3.0600287e-26
665,3.0586886e-26
666,3.0573488e-26
667,3.0560092e-26
668,3.0546703e-26
669,3.0533317e-26
670,3.051993e-26
671,3.0506555e-26
672,3.049318e-26
673,3.047981e-26
674,3.0466443e-26
675,3.045308e-26
676,3.043972e-26
677,3.0426365e-26
678,3.041301e-26
679,3.039966e-26
680,3.0386312e-26
681,3.0372972e-26
682,3.0359635e-26
683,3.03463e-26
684,3.0332965e-26
685,3.0319635e-26
686,3.0306313e-26
687,3.029299e-26
688,3.0279674e-26
689,3.026636e-26
690,3.0253047e-26
691,3.0239735e-26
692,3.022643e-26
693,3.021313e-26
694,3.019983e-26
695,3.0186533e-26
696,3.0173242e-26
697,3.0159952e-26
698,3.014666e-26
699,3.013338e-26
700,3.01201e-26
701,3.010682e-26
702,3.0093546e-26
703,3.0080274e-26
704,3.0067005e-26
705,3.005374e-26
706,3.0040477e-26
707,3.0027214e-26
708,3.0013957e-26
709,3.00007e-26
710,2.998745e-26
711,2.99742e-26
712,2.9960956e-26
713,2.994771e-26
714,2.9934467e-26
715,2.9921232e-26
716,2.9907997e-26
717,2.989476e-26
718,2.988153e-26
719,2.98683e-26
720,2.9855076e-26
721,2.9841856e-26
722,2.9828633e-26
723,2.9815417e-26
724,2.9802197e-26
725,2.978899e-26
726,2.977578e-26
727,2.976257e-26
728,2.9749365e-26
729,2.9736164e-26
730,2.9722963e-26
731,2.9709765e-26
732,2.969657e-26
733,2.9683375e-26
734,2.9670186e-26
735,2.9657e-26
736,2.9643812e-26
737,2.963063e-26
738,2.961745e-26
739,2.960427e-26
740,2.9591094e-26
741,2.957792e-26
742,2.9564747e-26
743,2.9551577e-26
744,2.953841e-26
745,2.9525246e-26
746,2.951208e-26
747,2.9498917e-26
748,2.948576e-26
749,2.9472608e-26
750,2.9459453e-26
751,2.94463e-26
752,2.943315e-26
753,2.9420004e-26
754,2.9406858e-26
755,2.9393715e-26
756,2.9380573e-26
757,2.9367436e-26
758,2.93543e-26
759,2.9341164e-26
760,2.9328033e-26
761,2.9314903e-26
762,2.9301773e-26
763,2.928865e-26
764,2.9275522e-26
765,2.92624e-26
766,2.9249283e-26
767,2.9236165e-26
768,2.922305e-26
769,2.920994e-26
770,2.9196827e-26
771,2.9183718e-26
772,2.9170606e-26
773,2.9157504e-26
774,2.9144398e-26
775,2.9131296e-26
776,2.91182e-26
777,2.9105103e-26
778,2.9092007e-26
779,2.9078914e-26
780,2.9065827e-26
781,2.9052733e-26
782,2.903965e-26
783,2.9026562e-26
784,2.9013478e-26
785,2.9000397e-26
786,2.898732e-26
787,2.8974242e-26
788,2.8961167e-26
789,2.8948092e-26
790,2.893502e-26
791,2.8921952e-26
792,2.8908886e-26
793,2.889582e-26
794,2.8882758e-26
795,2.8869696e-26
796,2.8856637e-26
797,2.884358e-26
798,2.8830524e-26
799,2.881747e-26
800,2.880442e-26
801,2.879137e-26
802,2.8778324e-26
803,2.876528e-26
804,2.8752233e-26
805,2.8739195e-26
806,2.8726154e-26
807,2.8713113e-26
808,2.870008e-26
809,2.8687044e-26
810,2.8674015e-26
811,2.8660984e-26
812,2.8647958e-26
813,2.8634933e-26
814,2.8621907e-26
815,2.8608888e-26
816,2.8595866e-26
817,2.8582846e-26
818,2.8569833e-26
819,2.8556817e-26
820,2.8543807e-26
821,2.8530797e-26
822,2.8517787e-26
823,2.8504783e-26
824,2.8491776e-26
825,2.8478775e-26
826,2.8465775e-26
827,2.8452777e-26
828,2.8439782e-26
829,2.8426788e-26
830,2.8413793e-26
831,2.8400805e-26
832,2.8387816e-26
833,2.837483e-26
834,2.8361845e-26
835,2.8348866e-26
836,2.8335884e-26
837,2.8322908e-26
838,2.830993e-26
839,2.8296955e-26
840,2.8283982e-26
841,2.8271012e-26
842,2.8258045e-26
843,2.8245078e-26
844,2.823211e-26
845,2.8219154e-26
846,2.8206193e-26
847,2.8193235e-26
848,2.8180278e-26
849,2.8167326e-26
850,2.8154375e-26
851,2.814142e-26
852,2.8128475e-26
853,2.811553e-26
854,2.8102587e-26
855,2.8089645e-26
856,2.8076706e-26
857,2.806377e-26
858,2.8050834e-26
859,2.80379e-26
860,2.802497e-26
861,2.8012038e-26
862,2.7999114e-26
863,2.798619e-26
864,2.7973267e-26
865,2.796035e-26
866,2.7947428e-26
867,2.7934514e-26
868,2.79216e-26
869,2.7908688e-26
870,2.7895776e-26
871,2.7882868e-26
872,2.7869963e-26
873,2.785706e-26
874,2.784416e-26
875,2.7831262e-26
876,2.7818366e-26
877,2.780547e-26
878,2.7792577e-26
879,2.7779687e-26
880,2.77668e-26
881,2.7753914e-26
882,2.774103e-26
883,2.7728153e-26
884,2.7715272e-26
885,2.770239e-26
886,2.768952e-26
887,2.7676646e-26
888,2.7663777e-26
889,2.7650912e-26
890,2.7638047e-26
891,2.7625182e-26
892,2.761232e-26
893,2.759946e-26
894,2.7586608e-26
895,2.7573752e-26
896,2.7560902e-26
897,2.754805e-26
898,2.7535205e-26
899,2.752236e-26
900,2.7509515e-26
901,2.7496677e-26
902,2.7483837e-26
903,2.7471006e-26
904,2.745817e-26
905,2.744534e-26
906,2.7432515e-26
907,2.7419686e-26
908,2.7406864e-26
909,2.7394042e-26
910,2.7381226e-26
911,2.7368407e-26
912,2.7355595e-26
913,2.7342785e-26
914,2.7329978e-26
915,2.731717e-26
916,2.7304362e-26
917,2.729156e-26
918,2.7278764e-26
919,2.7265966e-26
920,2.7253175e-26
921,2.724038e-26
922,2.7227593e-26
923,2.7214808e-26
924,2.720202e-26
925,2.718924e-26
926,2.7176462e-26
927,2.7163686e-26
928,2.715091e-26
929,2.713814e-26
930,2.712537e-26
931,2.7112604e-26
932,2.7099843e-26
933,2.708708e-26
934,2.7074323e-26
935,2.7061565e-26
936,2.7048814e-26
937,2.7036063e-26
938,2.7023315e-26
939,2.701057e-26
940,2.6997828e-26
941,2.6985086e-26
942,2.697235e-26
943,2.6959614e-26
944,2.6946885e-26
945,2.6934155e-26
946,2.6921428e-26
947,2.6908705e-26
948,2.689598e-26
949,2.6883264e-26
950,2.6870547e-26
951,2.6857836e-26
952,2.6845128e-26
953,2.6832417e-26
954,2.6819712e-26
955,2.680701e-26
956,2.679431e-26
957,2.6781615e-26
958,2.6768922e-26
959,2.675623e-26
960,2.674354e-26
961,2.6730857e-26
962,2.6718173e-26
963,2.6705493e-26
964,2.669282e-26
965,2.6680145e-26
966,2.6667474e-26
967,2.6654803e-26
968,2.664214e-26
969,2.662948e-26
970,2.6616817e-26
971,2.660416e-26
972,2.659151e-26
973,2.657886e-26
974,2.656621e-26
975,2.6553567e-26
976,2.6540923e-26
977,2.6528286e-26
978,2.651565e-26
979,2.6503015e-26
980,2.6490384e-26
981,2.647776e-26
982,2.6465134e-26
983,2.6452515e-26
984,2.6439894e-26
985,2.642728e-26
986,2.6414668e-26
987,2.640206e-26
988,2.6389456e-26
989,2.6376852e-26
990,2.6364252e-26
991,2.6351655e-26
992,2.633906e-26
993,2.632647e-26
994,2.6313882e-26
995,2.63013e-26
996,2.628872e-26
997,2.627614e-26
998,2.6263568e-26
999,2.6250995e-26
1000,2.6238423e-26
1001,2.6225863e-26
1002,2.62133e-26
1003,2.6200742e-26
1004,2.6188182e-26
1005,2.617563e-26
1006,2.6163083e-26
1007,2.615054e-26
1008,2.6137994e-26
1009,2.6125455e-26
1010,2.611292e-26
1011,2.6100384e-26
1012,2.6087855e-26
1013,2.607533e-26
1014,2.6062806e-26
1015,2.605029e-26
1016,2.603777e-26
1017,2.6025258e-26
1018,2.6012747e-26
1019,2.600024e-26
1020,2.5987734e-26
1021,2.5975236e-26
1022,2.596274e-26
1023,2.5950248e-26
1024,2.593776e-26
1025,2.5925273e-26
1026,2.591279e-26
1027,2.5900306e-26
1028,2.5887833e-26
1029,2.587536e-26
1030,2.586289e-26
1031,2.5850423e-26
1032,2.583796e-26
1033,2.5825502e-26
1034,2.5813046e-26
1035,2.5800596e-26
1036,2.5788145e-26
1037,2.57757e-26
1038,2.5763257e-26
1039,2.575082e-26
1040,2.5738385e-26
1041,2.5725953e-26
1042,2.571353e-26
1043,2.57011e-26
1044,2.5688682e-26
1045,2.5676264e-26
1046,2.5663852e-26
1047,2.5651444e-26
1048,2.5639035e-26
1049,2.5626633e-26
1050,2.5614235e-26
1051,2.5601838e-26
1052,2.5589448e-26
1053,2.5577058e-26
1054,2.5564675e-26
1055,2.5552294e-26
1056,2.5539917e-26
1057,2.5527545e-26
1058,2.5515173e-26
1059,2.5502808e-26
1060,2.5490445e-26
1061,2.5478087e-26
1062,2.546573e-26
1063,2.5453381e-26
1064,2.5441032e-26
1065,2.5428688e-26
1066,2.541635e-26
1067,2.5404011e-26
1068,2.5391679e-26
1069,2.537935e-26
1070,2.5367024e-26
1071,2.5354704e-26
1072,2.5342385e-26
1073,2.5330074e-26
1074,2.5317764e-26
1075,2.5305456e-26
1076,2.5293155e-26
1077,2.5280857e-26
1078,2.5268561e-26
1079,2.525627e-26
1080,2.5243985e-26
1081,2.52317e-26
1082,2.5219421e-26
1083,2.5207147e-26
1084,2.5194877e-26
1085,2.5182608e-26
1086,2.5170345e-26
1087,2.5158085e-26
1088,2.5145829e-26
1089,2.5133578e-26
1090,2.5121331e-26
1091,2.5109087e-26
1092,2.5096845e-26
1093,2.508461e-26
1094,2.5072378e-26
1095,2.506015e-26
1096,2.5047927e-26
1097,2.5035707e-26
1098,2.5023492e-26
1099,2.5011279e-26
1100,2.4999071e-26
1101,2.4986867e-26
1102,2.4974668e-26
1103,2.4962471e-26
1104,2.495028e-26
1105,2.4938093e-26
1106,2.4925909e-26
1107,2.491373e-26
1108,2.4901555e-26
1109,2.4889383e-26
1110,2.4877219e-26
1111,2.4865053e-26
1112,2.4852893e-26
1113,2.484074e-26
1114,2.4828587e-26
1115,2.4816444e-26
1116,2.48043e-26
1117,2.4792163e-26
1118,2.4780028e-26
1119,2.4767898e-26
1120,2.4755773e-26
1121,2.4743653e-26
1122,2.4731535e-26
1123,2.471942e-26
1124,2.4707312e-26
1125,2.4695207e-26
1126,2.4683108e-26
1127,2.467101e-26
1128,2.465892e-26
1129,2.4646831e-26
1130,2.4634749e-26
1131,2.4622669e-26
1132,2.4610596e-26
1133,2.4598523e-26
1134,2.4586459e-26
1135,2.4574396e-26
1136,2.4562338e-26
1137,2.4550287e-26
1138,2.4538236e-26
1139,2.4526192e-26
1140,2.4514152e-26
1141,2.4502118e-26
1142,2.4490085e-26
1143,2.4478058e-26
1144,2.4466036e-26
1145,2.4454018e-26
1146,2.4442002e-26
1147,2.4429993e-26
1148,2.4417988e-26
1149,2.4405987e-26
1150,2.4393992e-26
1151,2.4382e-26
1152,2.4370015e-26
1153,2.4358028e-26
1154,2.434605e-26
1155,2.4334079e-26
1156,2.4322107e-26
1157,2.431014e-26
1158,2.4298181e-26
1159,2.4286226e-26
1160,2.4274273e-26
1161,2.4262325e-26
1162,2.4250384e-26
1163,2.4238446e-26
1164,2.422651e-26
1165,2.4214583e-26
1166,2.4202658e-26
1167,2.4190737e-26
1168,2.4178822e-26
1169,2.4166913e-26
1170,2.4155004e-26
1171,2.4143103e-26
1172,2.4131206e-26
1173,2.4119314e-26
1174,2.4107424e-26
1175,2.409554e-26
1176,2.4083663e-26
1177,2.407179e-26
1178,2.4059919e-26
1179,2.4048055e-26
1180,2.4036191e-26
1181,2.4024337e-26
1182,2.4012487e-26
1183,2.400064e-26
1184,2.3988798e-26
1185,2.3976962e-26
1186,2.3965129e-26
1187,2.3953299e-26
1188,2.3941477e-26
1189,2.3929658e-26
1190,2.3917845e-26
1191,2.3906035e-26
1192,2.3894232e-26
1193,2.3882433e-26
1194,2.3870638e-26
1195,2.3858845e-26
1196,2.3847063e-26
1197,2.3835281e-26
1198,2.3823504e-26
1199,2.3811736e-26
1200,2.3799967e-26
1201,2.3788207e-26
1202,2.3776451e-26
1203,2.37647e-26
1204,2.3752952e-26
1205,2.374121e-26
1206,2.3729472e-26
1207,2.3717738e-26
1208,2.370601e-26
1209,2.3694288e-26
1210,2.3682569e-26
1211,2.3670855e-26
1212,2.3659146e-26
1213,2.3647443e-26
1214,2.3635743e-26
1215,2.362405e-26
1216,2.3612362e-26
1217,2.3600677e-26
1218,2.3588996e-26
1219,2.3577324e-26
1220,2.3565654e-26
1221,2.3553989e-26
1222,2.3542327e-26
1223,2.3530673e-26
1224,2.3519025e-26
1225,2.3507377e-26
1226,2.349574e-26
1227,2.3484104e-26
1228,2.3472473e-26
1229,2.3460847e-26
1230,2.3449228e-26
1231,2.3437612e-26
1232,2.3425998e-26
1233,2.3414395e-26
1234,2.3402794e-26
1235,2.3391199e-26
1236,2.3379608e-26
1237,2.3368023e-26
1238,2.3356441e-26
1239,2.3344867e-26
1240,2.3333296e-26
1241,2.332173e-26
1242,2.3310168e-26
1243,2.3298614e-26
1244,2.3287063e-26
1245,2.3275517e-26
1246,2.3263976e-26
1247,2.3252442e-26
1248,2.3240912e-26
1249,2.3229387e-26
1250,2.3217867e-26
1251,2.3206353e-26
1252,2.319484e-26
1253,2.3183339e-26
1254,2.3171837e-26
1255,2.3160343e-26
1256,2.3148854e-26
1257,2.3137367e-26
1258,2.3125889e-26
1259,2.3114413e-26
1260,2.3102946e-26
1261,2.3091481e-26
1262,2.3080022e-26
1263,2.3068569e-26
1264,2.3057118e-26
1265,2.3045675e-26
1266,2.3034236e-26
1267,2.3022802e-26
1268,2.3011375e-26
1269,2.2999953e-26
1270,2.2988535e-26
1271,2.2977124e-26
1272,2.2965713e-26
1273,2.2954313e-26
1274,2.2942916e-26
1275,2.2931524e-26
1276,2.2920136e-26
1277,2.2908758e-26
1278,2.289738e-26
1279,2.288601e-26
1280,2.2874643e-26
1281,2.2863281e-26
1282,2.2851928e-26
1283,2.2840575e-26
1284,2.2829232e-26
1285,2.2817891e-26
1286,2.2806557e-26
1287,2.279523e-26
1288,2.2783905e-26
1289,2.2772587e-26
1290,2.2761273e-26
1291,2.2749966e-26
1292,2.2738663e-26
1293,2.2727365e-26
1294,2.2716074e-26
1295,2.2704788e-26
1296,2.2693504e-26
1297,2.2682229e-26
1298,2.2670958e-26
1299,2.2659692e-26
1300,2.2648431e-26
1301,2.2637176e-26
1302,2.2625928e-26
1303,2.2614682e-26
1304,2.2603444e-26
1305,2.259221e-26
1306,2.2580982e-26
1307,2.2569759e-26
1308,2.255854e-26
1309,2.2547329e-26
1310,2.2536123e-26
1311,2.252492e-26
1312,2.2513725e-26
1313,2.2502533e-26
1314,2.2491347e-26
1315,2.2480169e-26
1316,2.2468993e-26
1317,2.2457822e-26
1318,2.2446661e-26
1319,2.2435502e-26
1320,2.2424348e-26
1321,2.24132e-26
1322,2.2402057e-26
1323,2.239092e-26
1324,2.2379788e-26
1325,2.2368662e-26
1326,2.2357543e-26
1327,2.2346428e-26
1328,2.233532e-26
1329,2.2324215e-26
1330,2.2313116e-26
1331,2.2302019e-26
1332,2.2290934e-26
1333,2.227985e-26
1334,2.2268775e-26
1335,2.2257701e-26
1336,2.2246636e-26
1337,2.2235575e-26
1338,2.222452e-26
1339,2.221347e-26
1340,2.2202424e-26
1341,2.2191388e-26
1342,2.2180354e-26
1343,2.2169327e-26
1344,2.2158302e-26
1345,2.2147288e-26
1346,2.2136275e-26
1347,2.212527e-26
1348,2.2114269e-26
1349,2.2103276e-26
1350,2.2092285e-26
1351,2.2081301e-26
1352,2.2070325e-26
1353,2.2059352e-26
1354,2.2048383e-26
1355,2.2037421e-26
1356,2.2026466e-26
1357,2.2015516e-26
1358,2.2004572e-26
1359,2.1993632e-26
1360,2.1982697e-26
1361,2.197177e-26
1362,2.1960846e-26
1363,2.1949928e-26
1364,2.1939015e-26
1365,2.192811e-26
1366,2.191721e-26
1367,2.1906316e-26
1368,2.1895426e-26
1369,2.1884542e-26
1370,2.1873665e-26
1371,2.1862792e-26
1372,2.1851922e-26
1373,2.1841062e-26
1374,2.1830206e-26
1375,2.1819356e-26
1376,2.1808513e-26
1377,2.1797674e-26
1378,2.178684e-26
1379,2.1776012e-26
1380,2.176519e-26
1381,2.1754374e-26
1382,2.1743561e-26
1383,2.1732757e-26
1384,2.1721957e-26
1385,2.1711162e-26
1386,2.1700374e-26
1387,2.1689592e-26
1388,2.1678814e-26
1389,2.1668042e-26
1390,2.1657276e-26
1391,2.1646516e-26
1392,2.1635761e-26
1393,2.1625015e-26
1394,2.161427e-26
1395,2.160353e-26
1396,2.1592801e-26
1397,2.1582074e-26
1398,2.1571354e-26
1399,2.156064e-26
1400,2.1549928e-26
1401,2.1539223e-26
1402,2.1528527e-26
1403,2.1517833e-26
1404,2.1507148e-26
1405,2.1496466e-26
1406,2.1485792e-26
1407,2.1475122e-26
1408,2.1464458e-26
1409,2.1453801e-26
1410,2.1443147e-26
1411,2.1432502e-26
1412,2.142186e-26
1413,2.1411226e-26
1414,2.1400593e-26
1415,2.138997e-26
1416,2.1379352e-26
1417,2.1368738e-26
1418,2.1358135e-26
1419,2.1347531e-26
1420,2.1336937e-26
1421,2.1326346e-26
1422,2.1315761e-26
1423,2.1305184e-26
1424,2.1294613e-26
1425,2.1284045e-26
1426,2.1273483e-26
1427,2.1262929e-26
1428,2.125238e-26
1429,2.1241833e-26
1430,2.1231298e-26
1431,2.1220765e-26
1432,2.1210239e-26
1433,2.1199719e-26
1434,2.1189205e-26
1435,2.1178694e-26
1436,2.1168189e-26
1437,2.1157693e-26
1438,2.11472e-26
1439,2.1136714e-26
1440,2.1126234e-26
1441,2.1115759e-26
1442,2.1105288e-26
1443,2.1094826e-26
1444,2.1084368e-26
1445,2.1073915e-26
1446,2.1063467e-26
1447,2.105303e-26
1448,2.1042595e-26
1449,2.1032166e-26
1450,2.1021744e-26
1451,2.1011327e-26
1452,2.1000915e-26
1453,2.099051e-26
1454,2.098011e-26
1455,2.0969718e-26
1456,2.0959327e-26
1457,2.0948946e-26
1458,2.093857e-26
1459,2.09282e-26
1460,2.0917833e-26
1461,2.0907473e-26
1462,2.0897121e-26
1463,2.0886772e-26
1464,2.0876433e-26
1465,2.0866095e-26
1466,2.0855766e-26
1467,2.084544e-26
1468,2.0835123e-26
1469,2.0824811e-26
1470,2.0814503e-26
1471,2.0804203e-26
1472,2.0793908e-26
1473,2.0783616e-26
1474,2.0773335e-26
1475,2.0763058e-26
1476,2.0752783e-26
1477,2.0742517e-26
1478,2.073226e-26
1479,2.0722003e-26
1480,2.0711754e-26
1481,2.0701511e-26
1482,2.0691276e-26
1483,2.0681044e-26
1484,2.0670818e-26
1485,2.06606e-26
1486,2.0650383e-26
1487,2.0640177e-26
1488,2.0629976e-26
1489,2.061978e-26
1490,2.0609589e-26
1491,2.0599405e-26
1492,2.0589226e-26
1493,2.0579051e-26
1494,2.0568886e-26
1495,2.0558726e-26
1496,2.0548568e-26
1497,2.053842e-26
1498,2.0528276e-26
1499,2.0518137e-26
1500,2.0508006e-26
1501,2.049788e-26
1502,2.0487761e-26
1503,2.0477646e-26
1504,2.0467537e-26
1505,2.0457434e-26
1506,2.0447336e-26
1507,2.0437246e-26
1508,2.0427162e-26
1509,2.0417082e-26
1510,2.0407009e-26
1511,2.0396942e-26
1512,2.038688e-26
1513,2.0376824e-26
1514,2.0366774e-26
1515,2.0356731e-26
1516,2.0346692e-26
1517,2.0336658e-26
1518,2.0326633e-26
1519,2.0316613e-26
1520,2.0306599e-26
1521,2.0296588e-26
1522,2.0286587e-26
1523,2.027659e-26
1524,2.0266598e-26
1525,2.0256612e-26
1526,2.0246633e-26
1527,2.023666e-26
1528,2.0226691e-26
1529,2.021673e-26
1530,2.0206772e-26
1531,2.0196824e-26
1532,2.0186878e-26
1533,2.017694e-26
1534,2.0167007e-26
1535,2.0157082e-26
1536,2.0147161e-26
1537,2.0137245e-26
1538,2.0127336e-26
1539,2.0117434e-26
1540,2.0107536e-26
1541,2.0097644e-26
1542,2.008776e-26
1543,2.0077881e-26
1544,2.0068007e-26
1545,2.0058138e-26
1546,2.0048277e-26
1547,2.0038421e-26
1548,2.0028571e-26
1549,2.0018726e-26
1550,2.0008888e-26
1551,1.9999055e-26
1552,1.9989228e-26
1553,1.997941e-26
1554,1.9969593e-26
1555,1.9959785e-26
1556,1.9949981e-26
1557,1.9940183e-26
1558,1.9930392e-26
1559,1.9920605e-26
1560,1.9910828e-26
1561,1.9901053e-26
1562,1.9891286e-26
1563,1.9881526e-26
1564,1.987177e-26
1565,1.9862017e-26
1566,1.9852275e-26
1567,1.9842536e-26
1568,1.9832803e-26
1569,1.9823075e-26
1570,1.9813357e-26
1571,1.9803641e-26
1572,1.9793931e-26
1573,1.9784231e-26
1574,1.9774532e-26
1575,1.976484e-26
1576,1.9755154e-26
1577,1.9745475e-26
1578,1.9735802e-26
1579,1.9726134e-26
1580,1.9716475e-26
1581,1.9706818e-26
1582,1.9697167e-26
1583,1.9687521e-26
1584,1.9677884e-26
1585,1.9668253e-26
1586,1.9658625e-26
1587,1.9649006e-26
1588,1.9639389e-26
1589,1.962978e-26
1590,1.9620179e-26
1591,1.961058e-26
1592,1.9600989e-26
1593,1.9591405e-26
1594,1.9581826e-26
1595,1.957225e-26
1596,1.9562684e-26
1597,1.9553124e-26
1598,1.9543567e-26
1599,1.9534016e-26
1600,1.9524474e-26
1601,1.9514935e-26
1602,1.9505402e-26
1603,1.9495876e-26
1604,1.9486356e-26
1605,1.947684e-26
1606,1.9467332e-26
1607,1.9457829e-26
1608,1.9448332e-26
1609,1.9438841e-26
1610,1.9429354e-26
1611,1.9419877e-26
1612,1.9410402e-26
1613,1.9400934e-26
1614,1.9391472e-26
1615,1.9382018e-26
1616,1.9372569e-26
1617,1.9363121e-26
1618,1.9353685e-26
1619,1.9344253e-26
1620,1.9334827e-26
1621,1.9325405e-26
1622,1.9315991e-26
1623,1.9306582e-26
1624,1.9297179e-26
1625,1.9287782e-26
1626,1.9278391e-26
1627,1.9269005e-26
1628,1.9259625e-26
1629,1.9250252e-26
1630,1.9240884e-26
1631,1.9231523e-26
1632,1.9222166e-26
1633,1.9212815e-26
1634,1.9203472e-26
1635,1.9194134e-26
1636,1.9184801e-26
1637,1.9175474e-26
1638,1.9166154e-26
1639,1.915684e-26
1640,1.9147531e-26
1641,1.9138226e-26
1642,1.9128928e-26
1643,1.911964e-26
1644,1.9110351e-26
1645,1.9101071e-26
1646,1.9091799e-26
1647,1.908253e-26
1648,1.9073267e-26
1649,1.9064012e-26
1650,1.9054763e-26
1651,1.9045517e-26
1652,1.9036278e-26
1653,1.9027045e-26
1654,1.9017819e-26
1655,1.9008597e-26
1656,1.8999382e-26
1657,1.8990172e-26
1658,1.898097e-26
1659,1.8971769e-26
1660,1.8962578e-26
1661,1.8953392e-26
1662,1.8944214e-26
1663,1.8935038e-26
1664,1.892587e-26
1665,1.8916707e-26
1666,1.890755e-26
1667,1.8898399e-26
1668,1.8889253e-26
1669,1.8880115e-26
1670,1.8870983e-26
1671,1.8861854e-26
1672,1.8852731e-26
1673,1.8843616e-26
1674,1.8834506e-26
1675,1.8825401e-26
1676,1.8816302e-26
1677,1.880721e-26
1678,1.8798124e-26
1679,1.8789043e-26
1680,1.8779968e-26
1681,1.8770897e-26
1682,1.8761833e-26
1683,1.8752775e-26
1684,1.8743725e-26
1685,1.8734679e-26
1686,1.8725638e-26
1687,1.8716603e-26
1688,1.8707574e-26
1689,1.8698552e-26
1690,1.8689534e-26
1691,1.8680525e-26
1692,1.8671518e-26
1693,1.866252e-26
1694,1.8653527e-26
1695,1.8644538e-26
1696,1.8635555e-26
1697,1.8626579e-26
1698,1.861761e-26
1699,1.8608646e-26
1700,1.8599685e-26
1701,1.8590734e-26
1702,1.8581785e-26
1703,1.8572843e-26
1704,1.856391e-26
1705,1.8554978e-26
1706,1.8546054e-26
1707,1.8537137e-26
1708,1.8528223e-26
1709,1.8519317e-26
1710,1.8510415e-26
1711,1.850152e-26
1712,1.8492633e-26
1713,1.8483746e-26
1714,1.847487e-26
1715,1.8465997e-26
1716,1.8457133e-26
1717,1.8448272e-26
1718,1.8439417e-26
1719,1.843057e-26
1720,1.8421725e-26
1721,1.8412889e-26
1722,1.8404056e-26
1723,1.8395232e-26
1724,1.838641e-26
1725,1.8377596e-26
1726,1.8368788e-26
1727,1.8359987e-26
1728,1.835119e-26
1729,1.8342397e-26
1730,1.8333611e-26
1731,1.8324834e-26
1732,1.8316059e-26
1733,1.8307292e-26
1734,1.8298528e-26
1735,1.8289771e-26
1736,1.8281023e-26
1737,1.8272277e-26
1738,1.8263538e-26
1739,1.8254804e-26
1740,1.8246077e-26
1741,1.8237353e-26
1742,1.8228637e-26
1743,1.8219926e-26
1744,1.821122e-26
1745,1.8202525e-26
1746,1.8193829e-26
1747,1.8185142e-26
1748,1.8176458e-26
1749,1.8167782e-26
1750,1.8159113e-26
1751,1.8150449e-26
1752,1.8141792e-26
1753,1.8133136e-26
1754,1.8124489e-26
1755,1.8115847e-26
1756,1.8107211e-26
1757,1.809858e-26
1758,1.8089955e-26
1759,1.8081336e-26
1760,1.8072725e-26
1761,1.8064117e-26
1762,1.8055513e-26
1763,1.8046917e-26
1764,1.8038328e-26
1765,1.8029743e-26
1766,1.8021164e-26
1767,1.8012593e-26
1768,1.8004025e-26
1769,1.7995461e-26
1770,1.7986904e-26
1771,1.7978353e-26
1772,1.7969809e-26
1773,1.796127e-26
1774,1.795274e-26
1775,1.794421e-26
1776,1.7935688e-26
1777,1.7927172e-26
1778,1.7918661e-26
1779,1.7910156e-26
1780,1.7901658e-26
1781,1.7893163e-26
1782,1.7884675e-26
1783,1.7876194e-26
1784,1.7867718e-26
1785,1.7859244e-26
1786,1.7850779e-26
1787,1.784232e-26
1788,1.7833866e-26
1789,1.7825417e-26
1790,1.7816975e-26
1791,1.780854e-26
1792,1.7800107e-26
1793,1.7791682e-26
1794,1.7783264e-26
1795,1.7774848e-26
1796,1.7766439e-26
1797,1.7758036e-26
1798,1.7749638e-26
1799,1.7741244e-26
1800,1.7732861e-26
1801,1.772448e-26
1802,1.7716106e-26
1803,1.7707735e-26
1804,1.7699372e-26
1805,1.7691013e-26
1806,1.7682661e-26
1807,1.7674315e-26
1808,1.7665975e-26
1809,1.7657638e-26
1810,1.7649308e-26
1811,1.7640984e-26
1812,1.7632664e-26
1813,1.7624354e-26
1814,1.7616045e-26
1815,1.7607744e-26
1816,1.7599448e-26
1817,1.7591156e-26
1818,1.758287e-26
1819,1.757459e-26
1820,1.7566319e-26
1821,1.7558048e-26
1822,1.7549787e-26
1823,1.754153e-26
1824,1.7533278e-26
1825,1.7525032e-26
1826,1.7516792e-26
1827,1.7508558e-26
1828,1.750033e-26
1829,1.7492106e-26
1830,1.748389e-26
1831,1.7475676e-26
1832,1.746747e-26
1833,1.7459267e-26
1834,1.7451073e-26
1835,1.7442882e-26
1836,1.7434698e-26
1837,1.7426518e-26
1838,1.7418345e-26
1839,1.7410176e-26
1840,1.7402014e-26
1841,1.7393859e-26
1842,1.7385705e-26
1843,1.7377561e-26
1844,1.736942e-26
1845,1.7361286e-26
1846,1.7353159e-26
1847,1.7345034e-26
1848,1.7336916e-26
1849,1.7328804e-26
1850,1.7320695e-26
1851,1.7312597e-26
1852,1.73045e-26
1853,1.729641e-26
1854,1.7288326e-26
1855,1.7280246e-26
1856,1.7272171e-26
1857,1.7264105e-26
1858,1.7256041e-26
1859,1.7247985e-26
1860,1.7239933e-26
1861,1.7231887e-26
1862,1.7223847e-26
1863,1.721581e-26
1864,1.720778e-26
1865,1.7199756e-26
1866,1.7191737e-26
1867,1.7183723e-26
1868,1.7175717e-26
1869,1.7167715e-26
1870,1.7159718e-26
1871,1.7151727e-26
1872,1.7143741e-26
1873,1.7135761e-26
1874,1.7127788e-26
1875,1.7119818e-26
1876,1.7111854e-26
1877,1.7103894e-26
1878,1.7095942e-26
1879,1.7087994e-26
1880,1.7080053e-26
1881,1.7072116e-26
1882,1.7064186e-26
1883,1.7056262e-26
1884,1.704834e-26
1885,1.7040425e-26
1886,1.7032515e-26
1887,1.7024614e-26
1888,1.7016714e-26
1889,1.7008823e-26
1890,1.7000934e-26
1891,1.6993052e-26
1892,1.6985174e-26
1893,1.6977305e-26
1894,1.6969438e-26
1895,1.6961577e-26
1896,1.6953724e-26
1897,1.6945874e-26
1898,1.693803e-26
1899,1.693019e-26
1900,1.6922358e-26
1901,1.6914529e-26
1902,1.6906708e-26
1903,1.6898892e-26
1904,1.689108e-26
1905,1.6883272e-26
1906,1.6875473e-26
1907,1.6867677e-26
1908,1.6859888e-26
1909,1.6852101e-26
1910,1.6844322e-26
1911,1.6836549e-26
1912,1.6828782e-26
1913,1.6821018e-26
1914,1.6813259e-26
1915,1.6805509e-26
1916,1.6797764e-26
1917,1.679002e-26
1918,1.6782282e-26
1919,1.6774552e-26
1920,1.6766827e-26
1921,1.6759106e-26
1922,1.6751392e-26
1923,1.6743684e-26
1924,1.673598e-26
1925,1.6728281e-26
1926,1.6720586e-26
1927,1.67129e-26
1928,1.6705216e-26
1929,1.669754e-26
1930,1.6689867e-26
1931,1.6682202e-26
1932,1.6674538e-26
1933,1.6666884e-26
1934,1.6659231e-26
1935,1.6651587e-26
1936,1.6643947e-26
1937,1.6636312e-26
1938,1.6628683e-26
1939,1.6621059e-26
1940,1.6613441e-26
1941,1.6605826e-26
1942,1.659822e-26
1943,1.6590617e-26
1944,1.658302e-26
1945,1.6575427e-26
1946,1.6567839e-26
1947,1.6560258e-26
1948,1.655268e-26
1949,1.6545111e-26
1950,1.6537546e-26
1951,1.6529986e-26
1952,1.652243e-26
1953,1.6514879e-26
1954,1.6507334e-26
1955,1.6499795e-26
1956,1.6492262e-26
1957,1.6484734e-26
1958,1.6477209e-26
1959,1.6469692e-26
1960,1.6462177e-26
1961,1.645467e-26
1962,1.6447167e-26
1963,1.643967e-26
1964,1.6432179e-26
1965,1.6424693e-26
1966,1.6417211e-26
1967,1.6409734e-26
1968,1.6402262e-26
1969,1.6394796e-26
1970,1.6387336e-26
1971,1.637988e-26
1972,1.637243e-26
1973,1.6364986e-26
1974,1.6357545e-26
1975,1.6350111e-26
1976,1.6342683e-26
1977,1.6335257e-26
1978,1.632784e-26
1979,1.6320426e-26
1980,1.6313018e-26
1981,1.6305613e-26
1982,1.6298215e-26
1983,1.6290825e-26
1984,1.6283434e-26
1985,1.6276052e-26
1986,1.6268675e-26
1987,1.6261303e-26
1988,1.6253937e-26
1989,1.6246575e-26
1990,1.623922e-26
1991,1.6231867e-26
1992,1.622452e-26
1993,1.6217179e-26
1994,1.6209845e-26
1995,1.6202513e-26
1996,1.6195187e-26
1997,1.6187868e-26
1998,1.6180553e-26
1999,1.6173242e-26
2000,1.6165937e-26
2001,1.6158637e-26
2002,1.6151342e-26
2003,1.6144054e-26
2004,1.6136769e-26
2005,1.6129489e-26
2006,1.6122215e-26
2007,1.6114946e-26
2008,1.6107683e-26
2009,1.6100423e-26
2010,1.6093169e-26
2011,1.6085922e-26
2012,1.607868e-26
2013,1.607144e-26
2014,1.6064206e-26
2015,1.605698e-26
2016,1.6049756e-26
2017,1.6042539e-26
2018,1.6035327e-26
2019,1.6028117e-26
2020,1.6020916e-26
2021,1.6013719e-26
2022,1.6006524e-26
2023,1.5999338e-26
2024,1.5992158e-26
2025,1.598498e-26
2026,1.5977806e-26
2027,1.597064e-26
2028,1.5963479e-26
2029,1.595632e-26
2030,1.594917e-26
2031,1.5942024e-26
2032,1.5934881e-26
2033,1.5927746e-26
2034,1.5920612e-26
2035,1.5913486e-26
2036,1.5906365e-26
2037,1.5899248e-26
2038,1.5892138e-26
2039,1.5885033e-26
2040,1.587793e-26
2041,1.5870834e-26
2042,1.5863742e-26
2043,1.5856656e-26
2044,1.5849575e-26
2045,1.58425e-26
2046,1.5835429e-26
2047,1.5828362e-26
2048,1.58213e-26
2049,1.5814245e-26
2050,1.5807193e-26
2051,1.5800147e-26
2052,1.5793106e-26
2053,1.5786071e-26
2054,1.577904e-26
2055,1.5772013e-26
2056,1.5764992e-26
2057,1.5757974e-26
2058,1.5750967e-26
2059,1.574396e-26
2060,1.5736957e-26
2061,1.5729962e-26
2062,1.572297e-26
2063,1.5715983e-26
2064,1.5709002e-26
2065,1.5702027e-26
2066,1.5695055e-26
2067,1.5688089e-26
2068,1.5681127e-26
2069,1.567417e-26
2070,1.5667218e-26
2071,1.5660273e-26
2072,1.5653332e-26
2073,1.5646395e-26
2074,1.563946e-26
2075,1.5632536e-26
2076,1.5625614e-26
2077,1.5618696e-26
2078,1.5611782e-26
2079,1.5604878e-26
2080,1.5597974e-26
2081,1.5591078e-26
2082,1.5584184e-26
2083,1.5577297e-26
2084,1.5570415e-26
2085,1.5563538e-26
2086,1.5556667e-26
2087,1.5549797e-26
2088,1.5542934e-26
2089,1.5536076e-26
2090,1.5529223e-26
2091,1.5522373e-26
2092,1.5515532e-26
2093,1.5508691e-26
2094,1.550186e-26
2095,1.549503e-26
2096,1.5488205e-26
2097,1.5481386e-26
2098,1.5474573e-26
2099,1.5467763e-26
2100,1.546096e-26
2101,1.5454158e-26
2102,1.5447365e-26
2103,1.5440575e-26
2104,1.5433791e-26
2105,1.5427009e-26
2106,1.5420234e-26
2107,1.5413464e-26
2108,1.5406697e-26
2109,1.5399936e-26
2110,1.5393182e-26
2111,1.538643e-26
2112,1.5379683e-26
2113,1.5372942e-26
2114,1.5366206e-26
2115,1.5359473e-26
2116,1.5352746e-26
2117,1.5346022e-26
2118,1.5339306e-26
2119,1.5332593e-26
2120,1.5325886e-26
2121,1.5319183e-26
2122,1.5312485e-26
2123,1.530579e-26
2124,1.5299102e-26
2125,1.5292418e-26
2126,1.528574e-26
2127,1.5279066e-26
2128,1.5272396e-26
2129,1.5265731e-26
2130,1.525907e-26
2131,1.5252416e-26
2132,1.5245766e-26
2133,1.523912e-26
2134,1.5232479e-26
2135,1.5225841e-26
2136,1.5219211e-26
2137,1.5212585e-26
2138,1.5205963e-26
2139,1.5199344e-26
2140,1.5192732e-26
2141,1.5186126e-26
2142,1.5179522e-26
2143,1.5172924e-26
2144,1.516633e-26
2145,1.515974e-26
2146,1.5153157e-26
2147,1.514658e-26
2148,1.5140005e-26
2149,1.5133434e-26
2150,1.5126869e-26
2151,1.5120308e-26
2152,1.5113752e-26
2153,1.5107201e-26
2154,1.5100656e-26
2155,1.5094112e-26
2156,1.5087576e-26
2157,1.5081044e-26
2158,1.5074516e-26
2159,1.5067992e-26
2160,1.5061475e-26
2161,1.5054962e-26
2162,1.5048452e-26
2163,1.5041947e-26
2164,1.5035448e-26
2165,1.5028954e-26
2166,1.5022463e-26
2167,1.501598e-26
2168,1.50095e-26
2169,1.5003022e-26
2170,1.499655e-26
2171,1.4990081e-26
2172,1.498362e-26
2173,1.4977162e-26
2174,1.497071e-26
2175,1.4964262e-26
2176,1.4957818e-26
2177,1.4951378e-26
2178,1.4944945e-26
2179,1.4938514e-26
2180,1.4932088e-26
2181,1.4925669e-26
2182,1.4919252e-26
2183,1.4912842e-26
2184,1.4906434e-26
2185,1.4900033e-26
2186,1.4893634e-26
2187,1.4887241e-26
2188,1.4880853e-26
2189,1.487447e-26
2190,1.486809e-26
2191,1.4861716e-26
2192,1.4855346e-26
2193,1.484898e-26
2194,1.484262e-26
2195,1.4836264e-26
2196,1.4829912e-26
2197,1.4823565e-26
2198,1.4817222e-26
2199,1.4810882e-26
2200,1.480455e-26
2201,1.4798222e-26
2202,1.4791897e-26
2203,1.4785578e-26
2204,1.4779263e-26
2205,1.477295e-26
2206,1.4766644e-26
2207,1.4760344e-26
2208,1.4754047e-26
2209,1.4747755e-26
2210,1.4741465e-26
2211,1.4735184e-26
2212,1.4728904e-26
2213,1.472263e-26
2214,1.4716359e-26
2215,1.4710094e-26
2216,1.4703834e-26
2217,1.4697579e-26
2218,1.4691326e-26
2219,1.4685077e-26
2220,1.4678836e-26
2221,1.4672597e-26
2222,1.4666365e-26
2223,1.4660136e-26
2224,1.465391e-26
2225,1.4647688e-26
2226,1.4641474e-26
2227,1.4635262e-26
2228,1.4629056e-26
2229,1.4622853e-26
2230,1.4616654e-26
2231,1.4610462e-26
2232,1.4604273e-26
2233,1.4598087e-26
2234,1.4591907e-26
2235,1.4585733e-26
2236,1.4579561e-26
2237,1.4573395e-26
2238,1.4567232e-26
2239,1.4561073e-26
2240,1.455492e-26
2241,1.454877e-26
2242,1.4542628e-26
2243,1.4536486e-26
2244,1.4530351e-26
2245,1.452422e-26
2246,1.4518093e-26
2247,1.4511971e-26
2248,1.4505852e-26
2249,1.449974e-26
2250,1.449363e-26
2251,1.4487525e-26
2252,1.4481425e-26
2253,1.4475328e-26
2254,1.4469237e-26
2255,1.446315e-26
2256,1.4457067e-26
2257,1.445099e-26
2258,1.4444915e-26
2259,1.4438845e-26
2260,1.443278e-26
2261,1.4426719e-26
2262,1.4420664e-26
2263,1.4414612e-26
2264,1.4408563e-26
2265,1.440252e-26
2266,1.439648e-26
2267,1.4390447e-26
2268,1.4384416e-26
2269,1.437839e-26
2270,1.437237e-26
2271,1.4366353e-26
2272,1.4360339e-26
2273,1.435433e-26
2274,1.4348326e-26
2275,1.4342326e-26
2276,1.4336331e-26
2277,1.433034e-26
2278,1.4324352e-26
2279,1.431837e-26
2280,1.4312391e-26
2281,1.4306418e-26
2282,1.4300447e-26
2283,1.4294485e-26
2284,1.4288524e-26
2285,1.4282567e-26
2286,1.4276614e-26
2287,1.4270665e-26
2288,1.426472e-26
2289,1.4258781e-26
2290,1.4252848e-26
2291,1.4246917e-26
2292,1.424099e-26
2293,1.4235067e-26
2294,1.422915e-26
2295,1.4223236e-26
2296,1.4217326e-26
2297,1.4211422e-26
2298,1.420552e-26
2299,1.4199623e-26
2300,1.4193731e-26
2301,1.4187842e-26
2302,1.4181958e-26
2303,1.417608e-26
2304,1.4170205e-26
2305,1.4164333e-26
2306,1.4158466e-26
2307,1.4152604e-26
2308,1.4146744e-26
2309,1.4140891e-26
2310,1.4135042e-26
2311,1.4129195e-26
2312,1.4123354e-26
2313,1.4117516e-26
2314,1.4111683e-26
2315,1.4105854e-26
2316,1.4100029e-26
2317,1.4094211e-26
2318,1.4088395e-26
2319,1.4082582e-26
2320,1.4076774e-26
2321,1.407097e-26
2322,1.4065171e-26
2323,1.4059375e-26
2324,1.4053585e-26
2325,1.4047798e-26
2326,1.4042015e-26
2327,1.4036238e-26
2328,1.4030463e-26
2329,1.4024693e-26
2330,1.4018927e-26
2331,1.4013165e-26
2332,1.4007407e-26
2333,1.4001654e-26
2334,1.3995905e-26
2335,1.399016e-26
2336,1.3984419e-26
2337,1.3978683e-26
2338,1.3972951e-26
2339,1.3967221e-26
2340,1.3961498e-26
2341,1.3955775e-26
2342,1.3950059e-26
2343,1.3944349e-26
2344,1.3938642e-26
2345,1.3932938e-26
2346,1.3927238e-26
2347,1.3921543e-26
2348,1.3915851e-26
2349,1.3910163e-26
2350,1.3904481e-26
2351,1.3898802e-26
2352,1.3893127e-26
2353,1.3887457e-26
2354,1.3881789e-26
2355,1.3876126e-26
2356,1.3870467e-26
2357,1.3864813e-26
2358,1.3859164e-26
2359,1.3853519e-26
2360,1.3847875e-26
2361,1.3842238e-26
2362,1.3836603e-26
2363,1.3830973e-26
2364,1.3825348e-26
2365,1.3819728e-26
2366,1.381411e-26
2367,1.3808496e-26
2368,1.3802886e-26
2369,1.3797279e-26
2370,1.3791678e-26
2371,1.3786082e-26
2372,1.378049e-26
2373,1.37749e-26
2374,1.3769314e-26
2375,1.3763732e-26
2376,1.3758155e-26
2377,1.3752582e-26
2378,1.3747014e-26
2379,1.3741449e-26
2380,1.3735888e-26
2381,1.373033e-26
2382,1.3724778e-26
2383,1.3719228e-26
2384,1.3713683e-26
2385,1.3708144e-26
2386,1.3702606e-26
2387,1.3697072e-26
2388,1.3691544e-26
2389,1.3686019e-26
2390,1.3680497e-26
2391,1.3674981e-26
2392,1.3669468e-26
2393,1.3663958e-26
2394,1.3658453e-26
2395,1.3652953e-26
2396,1.3647454e-26
2397,1.3641963e-26
2398,1.3636475e-26
2399,1.363099e-26
2400,1.3625508e-26
2401,1.362003e-26
2402,1.3614557e-26
2403,1.3609086e-26
2404,1.3603623e-26
2405,1.3598162e-26
2406,1.3592705e-26
2407,1.3587251e-26
2408,1.3581801e-26
2409,1.3576355e-26
2410,1.3570914e-26
2411,1.3565476e-26
2412,1.3560043e-26
2413,1.3554613e-26
2414,1.3549188e-26
2415,1.3543765e-26
2416,1.3538346e-26
2417,1.3532932e-26
2418,1.3527522e-26
2419,1.3522116e-26
2420,1.3516714e-26
2421,1.3511317e-26
2422,1.3505921e-26
2423,1.350053e-26
2424,1.3495142e-26
2425,1.348976e-26
2426,1.3484382e-26
2427,1.3479007e-26
2428,1.3473635e-26
2429,1.3468268e-26
2430,1.3462905e-26
2431,1.3457545e-26
2432,1.345219e-26
2433,1.3446838e-26
2434,1.344149e-26
2435,1.3436145e-26
2436,1.3430805e-26
2437,1.342547e-26
2438,1.3420136e-26
2439,1.3414808e-26
2440,1.3409483e-26
2441,1.3404163e-26
2442,1.3398846e-26
2443,1.3393532e-26
2444,1.3388222e-26
2445,1.3382917e-26
2446,1.3377614e-26
2447,1.3372317e-26
2448,1.3367023e-26
2449,1.3361732e-26
2450,1.3356447e-26
2451,1.3351164e-26
2452,1.3345884e-26
2453,1.334061e-26
2454,1.333534e-26
2455,1.3330071e-26
2456,1.3324808e-26
2457,1.3319548e-26
2458,1.3314293e-26
2459,1.330904e-26
2460,1.3303792e-26
2461,1.3298548e-26
2462,1.3293308e-26
2463,1.3288069e-26
2464,1.3282837e-26
2465,1.3277608e-26
2466,1.3272381e-26
2467,1.3267161e-26
2468,1.3261941e-26
2469,1.3256727e-26
2470,1.3251517e-26
2471,1.324631e-26
2472,1.3241107e-26
2473,1.3235909e-26
2474,1.3230713e-26
2475,1.3225521e-26
2476,1.3220332e-26
2477,1.3215149e-26
2478,1.3209969e-26
2479,1.320479e-26
2480,1.3199618e-26
2481,1.3194449e-26
2482,1.3189283e-26
2483,1.3184121e-26
2484,1.3178963e-26
2485,1.3173809e-26
2486,1.3168658e-26
2487,1.3163512e-26
2488,1.3158368e-26
2489,1.315323e-26
2490,1.3148093e-26
2491,1.3142962e-26
2492,1.3137831e-26
2493,1.3132707e-26
2494,1.3127587e-26
2495,1.3122469e-26
2496,1.3117355e-26
2497,1.3112246e-26
2498,1.310714e-26
2499,1.3102037e-26
2500,1.3096938e-26
2501,1.3091843e-26
2502,1.3086753e-26
2503,1.3081665e-26
2504,1.307658e-26
2505,1.30715e-26
2506,1.3066422e-26
2507,1.306135e-26
2508,1.305628e-26
2509,1.3051215e-26
2510,1.3046154e-26
2511,1.3041094e-26
2512,1.3036039e-26
2513,1.3030987e-26
2514,1.3025941e-26
2515,1.3020898e-26
2516,1.3015857e-26
2517,1.3010818e-26
2518,1.3005786e-26
2519,1.3000757e-26
2520,1.2995732e-26
2521,1.2990709e-26
2522,1.2985692e-26
2523,1.2980675e-26
2524,1.2975665e-26
2525,1.2970657e-26
2526,1.2965653e-26
2527,1.2960652e-26
2528,1.2955657e-26
2529,1.2950662e-26
2530,1.2945673e-26
2531,1.2940687e-26
2532,1.2935704e-26
2533,1.2930726e-26
2534,1.2925751e-26
2535,1.2920779e-26
2536,1.29158116e-26
2537,1.2910846e-26
2538,1.2905885e-26
2539,1.2900928e-26
2540,1.2895974e-26
2541,1.2891024e-26
2542,1.2886078e-26
2543,1.2881135e-26
2544,1.2876196e-26
2545,1.2871259e-26
2546,1.28663275e-26
2547,1.2861397e-26
2548,1.2856473e-26
2549,1.2851552e-26
2550,1.2846632e-26
2551,1.2841718e-26
2552,1.2836806e-26
2553,1.2831899e-26
2554,1.28269954e-26
2555,1.2822096e-26
2556,1.2817198e-26
2557,1.28123044e-26
2558,1.2807414e-26
2559,1.28025284e-26
2560,1.2797645e-26
2561,1.2792766e-26
2562,1.278789e-26
2563,1.2783017e-26
2564,1.2778149e-26
2565,1.27732835e-26
2566,1.2768421e-26
2567,1.2763563e-26
2568,1.2758708e-26
2569,1.2753858e-26
2570,1.274901e-26
2571,1.2744165e-26
2572,1.2739324e-26
2573,1.2734486e-26
2574,1.2729653e-26
2575,1.27248225e-26
2576,1.2719996e-26
2577,1.2715173e-26
2578,1.2710352e-26
2579,1.27055355e-26
2580,1.2700722e-26
2581,1.2695912e-26
2582,1.26911064e-26
2583,1.2686304e-26
2584,1.26815045e-26
2585,1.2676709e-26
2586,1.26719165e-26
2587,1.2667128e-26
2588,1.2662342e-26
2589,1.2657561e-26
2590,1.2652782e-26
2591,1.2648007e-26
2592,1.26432355e-26
2593,1.2638467e-26
2594,1.2633703e-26
2595,1.26289405e-26
2596,1.26241834e-26
2597,1.2619429e-26
2598,1.2614678e-26
2599,1.26099285e-26
2600,1.26051845e-26
2601,1.2600444e-26
2602,1.2595705e-26
2603,1.25909735e-26
2604,1.2586243e-26
2605,1.2581515e-26
2606,1.2576791e-26
2607,1.257207e-26
2608,1.2567353e-26
2609,1.2562639e-26
2610,1.2557928e-26
2611,1.2553222e-26
2612,1.2548518e-26
2613,1.25438175e-26
2614,1.2539121e-26
2615,1.2534428e-26
2616,1.2529738e-26
2617,1.2525051e-26
2618,1.2520367e-26
2619,1.2515688e-26
2620,1.25110104e-26
2621,1.2506337e-26
2622,1.2501668e-26
2623,1.2497002e-26
2624,1.2492339e-26
2625,1.2487679e-26
2626,1.2483022e-26
2627,1.2478368e-26
2628,1.2473718e-26
2629,1.2469071e-26
2630,1.2464429e-26
2631,1.245979e-26
2632,1.2455154e-26
2633,1.2450519e-26
2634,1.2445889e-26
2635,1.24412625e-26
2636,1.24366395e-26
2637,1.2432021e-26
2638,1.24274035e-26
2639,1.24227905e-26
2640,1.24181806e-26
2641,1.2413573e-26
2642,1.240897e-26
2643,1.2404371e-26
2644,1.2399773e-26
2645,1.239518e-26
2646,1.2390589e-26
2647,1.2386004e-26
2648,1.23814184e-26
2649,1.2376838e-26
2650,1.2372262e-26
2651,1.2367689e-26
2652,1.23631175e-26
2653,1.2358551e-26
2654,1.2353987e-26
2655,1.2349425e-26
2656,1.2344867e-26
2657,1.23403145e-26
2658,1.2335764e-26
2659,1.2331215e-26
2660,1.2326671e-26
2661,1.23221306e-26
2662,1.23175916e-26
2663,1.2313057e-26
2664,1.2308527e-26
2665,1.2303998e-26
2666,1.2299473e-26
2667,1.2294951e-26
2668,1.2290433e-26
2669,1.22859185e-26
2670,1.2281406e-26
2671,1.22768974e-26
2672,1.2272392e-26
2673,1.2267889e-26
2674,1.22633905e-26
2675,1.22588954e-26
2676,1.22544026e-26
2677,1.2249913e-26
2678,1.2245428e-26
2679,1.2240944e-26
2680,1.2236464e-26
2681,1.2231986e-26
2682,1.2227513e-26
2683,1.2223044e-26
2684,1.2218577e-26
2685,1.2214113e-26
2686,1.22096524e-26
2687,1.2205196e-26
2688,1.22007415e-26
2689,1.2196289e-26
2690,1.21918414e-26
2691,1.2187399e-26
2692,1.2182956e-26
2693,1.2178518e-26
2694,1.2174083e-26
2695,1.2169649e-26
2696,1.2165221e-26
2697,1.2160796e-26
2698,1.2156374e-26
2699,1.2151955e-26
2700,1.2147538e-26
2701,1.21431254e-26
2702,1.2138714e-26
2703,1.2134308e-26
2704,1.2129904e-26
2705,1.2125505e-26
2706,1.21211074e-26
2707,1.21167125e-26
2708,1.2112321e-26
2709,1.2107934e-26
2710,1.2103549e-26
2711,1.2099168e-26
2712,1.2094789e-26
2713,1.2090415e-26
2714,1.2086042e-26
2715,1.2081673e-26
2716,1.2077306e-26
2717,1.2072943e-26
2718,1.2068584e-26
2719,1.2064227e-26
2720,1.2059873e-26
2721,1.2055523e-26
2722,1.2051175e-26
2723,1.2046832e-26
2724,1.20424894e-26
2725,1.2038152e-26
2726,1.2033817e-26
2727,1.2029485e-26
2728,1.2025157e-26
2729,1.20208304e-26
2730,1.2016507e-26
2731,1.2012188e-26
2732,1.2007873e-26
2733,1.20035594e-26
2734,1.1999249e-26
2735,1.19949405e-26
2736,1.19906365e-26
2737,1.1986335e-26
2738,1.19820376e-26
2739,1.19777435e-26
2740,1.1973451e-26
2741,1.19691616e-26
2742,1.1964877e-26
2743,1.19605935e-26
2744,1.1956313e-26
2745,1.1952036e-26
2746,1.1947764e-26
2747,1.1943492e-26
2748,1.1939225e-26
2749,1.1934961e-26
2750,1.19306984e-26
2751,1.192644e-26
2752,1.1922185e-26
2753,1.1917932e-26
2754,1.19136825e-26
2755,1.1909437e-26
2756,1.1905193e-26
2757,1.1900953e-26
2758,1.1896716e-26
2759,1.1892482e-26
2760,1.188825e-26
2761,1.1884022e-26
2762,1.1879796e-26
2763,1.18755745e-26
2764,1.1871355e-26
2765,1.186714e-26
2766,1.1862926e-26
2767,1.1858715e-26
2768,1.1854508e-26
2769,1.1850304e-26
2770,1.18461016e-26
2771,1.1841904e-26
2772,1.1837708e-26
2773,1.1833516e-26
2774,1.1829327e-26
2775,1.1825139e-26
2776,1.1820957e-26
2777,1.18167766e-26
2778,1.1812599e-26
2779,1.18084235e-26
2780,1.1804253e-26
2781,1.18000834e-26
2782,1.1795918e-26
2783,1.1791756e-26
2784,1.1787596e-26
2785,1.1783439e-26
2786,1.17792864e-26
2787,1.1775134e-26
2788,1.17709865e-26
2789,1.1766842e-26
2790,1.1762699e-26
2791,1.1758559e-26
2792,1.17544235e-26
2793,1.1750291e-26
2794,1.17461604e-26
2795,1.1742032e-26
2796,1.1737908e-26
2797,1.1733787e-26
2798,1.17296676e-26
2799,1.1725552e-26
2800,1.1721439e-26
2801,1.171733e-26
2802,1.17132224e-26
2803,1.1709118e-26
2804,1.17050164e-26
2805,1.1700918e-26
2806,1.1696823e-26
2807,1.16927305e-26
2808,1.16886414e-26
2809,1.1684554e-26
2810,1.1680471e-26
2811,1.16763894e-26
2812,1.1672311e-26
2813,1.1668236e-26
2814,1.1664165e-26
2815,1.1660096e-26
2816,1.16560285e-26
2817,1.1651964e-26
2818,1.1647903e-26
2819,1.1643846e-26
2820,1.1639792e-26
2821,1.163574e-26
2822,1.1631689e-26
2823,1.1627644e-26
2824,1.16236e-26
2825,1.1619559e-26
2826,1.1615521e-26
2827,1.1611487e-26
2828,1.1607454e-26
2829,1.1603425e-26
2830,1.15993984e-26
2831,1.15953755e-26
2832,1.1591354e-26
2833,1.1587337e-26
2834,1.1583321e-26
2835,1.1579309e-26
2836,1.15753e-26
2837,1.1571292e-26
2838,1.1567289e-26
2839,1.1563288e-26
2840,1.155929e-26
2841,1.15552954e-26
2842,1.15513026e-26
2843,1.15473136e-26
2844,1.1543326e-26
2845,1.1539342e-26
2846,1.1535361e-26
2847,1.1531383e-26
2848,1.1527407e-26
2849,1.1523434e-26
2850,1.1519464e-26
2851,1.1515497e-26
2852,1.1511533e-26
2853,1.1507572e-26
2854,1.15036135e-26
2855,1.1499657e-26
2856,1.1495704e-26
2857,1.1491753e-26
2858,1.14878054e-26
2859,1.14838596e-26
2860,1.1479917e-26
2861,1.14759794e-26
2862,1.14720436e-26
2863,1.14681086e-26
2864,1.1464178e-26
2865,1.1460249e-26
2866,1.1456325e-26
2867,1.1452401e-26
2868,1.1448482e-26
2869,1.14445644e-26
2870,1.1440651e-26
2871,1.1436739e-26
2872,1.143283e-26
2873,1.1428923e-26
2874,1.14250186e-26
2875,1.142112e-26
2876,1.1417222e-26
2877,1.1413327e-26
2878,1.1409434e-26
2879,1.14055436e-26
2880,1.1401656e-26
2881,1.13977736e-26
2882,1.13938925e-26
2883,1.1390014e-26
2884,1.1386136e-26
2885,1.1382263e-26
2886,1.13783926e-26
2887,1.1374525e-26
2888,1.137066e-26
2889,1.1366797e-26
2890,1.1362937e-26
2891,1.135908e-26
2892,1.1355227e-26
2893,1.1351374e-26
2894,1.1347525e-26
2895,1.13436796e-26
2896,1.1339837e-26
2897,1.1335996e-26
2898,1.1332158e-26
2899,1.1328323e-26
2900,1.132449e-26
2901,1.1320659e-26
2902,1.1316832e-26
2903,1.1313008e-26
2904,1.13091854e-26
2905,1.13053675e-26
2906,1.1301551e-26
2907,1.1297736e-26
2908,1.12939236e-26
2909,1.1290117e-26
2910,1.128631e-26
2911,1.12825075e-26
2912,1.1278708e-26
2913,1.12749085e-26
2914,1.1271114e-26
2915,1.126732e-26
2916,1.1263532e-26
2917,1.1259744e-26
2918,1.125596e-26
2919,1.1252178e-26
2920,1.12483985e-26
2921,1.12446206e-26
2922,1.1240847e-26
2923,1.1237077e-26
2924,1.1233307e-26
2925,1.1229541e-26
2926,1.1225778e-26
2927,1.1222016e-26
2928,1.12182584e-26
2929,1.1214504e-26
2930,1.121075e-26
2931,1.1207e-26
2932,1.12032516e-26
2933,1.1199506e-26
2934,1.1195765e-26
2935,1.1192025e-26
2936,1.1188288e-26
2937,1.1184553e-26
2938,1.11808214e-26
2939,1.1177093e-26
2940,1.1173365e-26
2941,1.1169641e-26
2942,1.1165919e-26
2943,1.11622015e-26
2944,1.1158485e-26
2945,1.11547705e-26
2946,1.115106e-26
2947,1.114735e-26
2948,1.1143645e-26
2949,1.1139941e-26
2950,1.11362415e-26
2951,1.1132544e-26
2952,1.11288475e-26
2953,1.1125153e-26
2954,1.11214635e-26
2955,1.1117776e-26
2956,1.111409e-26
2957,1.1110408e-26
2958,1.1106728e-26
2959,1.1103049e-26
2960,1.1099375e-26
2961,1.10957015e-26
2962,1.1092032e-26
2963,1.10883645e-26
2964,1.10847006e-26
2965,1.1081038e-26
2966,1.10773774e-26
2967,1.1073721e-26
2968,1.10700666e-26
2969,1.1066415e-26
2970,1.1062765e-26
2971,1.1059118e-26
2972,1.10554734e-26
2973,1.1051832e-26
2974,1.1048192e-26
2975,1.1044555e-26
2976,1.1040921e-26
2977,1.103729e-26
2978,1.1033661e-26
2979,1.10300334e-26
2980,1.1026408e-26
2981,1.1022787e-26
2982,1.1019168e-26
2983,1.1015551e-26
2984,1.1011939e-26
2985,1.1008327e-26
2986,1.1004717e-26
2987,1.10011106e-26
2988,1.0997507e-26
2989,1.09939045e-26
2990,1.0990305e-26
2991,1.0986709e-26
2992,1.0983116e-26
2993,1.0979525e-26
2994,1.0975935e-26
2995,1.09723495e-26
2996,1.0968764e-26
2997,1.09651835e-26
2998,1.0961604e-26
2999,1.0958027e-26
